指标,原方案,新方案,原减新,下降比例
Q2架次,26,24,2,0.07692307692307693
Q2完工时间_s,12595.021415,6374.558827573746,6220.462587426253,0.4938826527137154
Q2能耗_kWh,73.20763745,72.89098329333918,0.3166541566608174,0.0043254251563177235
Q2最大迟到_s,4947.318583,0,4947.318583,1.0
Q2总迟到_s,15792.135491000001,0,15792.135491000001,1.0
A型架次,4,10,-6,-1.5
B型架次,14,8,6,0.42857142857142855
C型架次,8,6,2,0.25
Q3运输架次,26,24,2,0.07692307692307693
Q3中继班次,15,3,12,0.8
Q3联合完工_s,24325.643849,6512.187235355526,17813.456613644474,0.7322912694200595
Q3中继能耗_kWh,9.514785741,3.366003809807704,6.148781931192296,0.6462344080641443
Q3总能耗_kWh,92.154806155,76.25698710314688,15.89781905185312,0.17251209909891996
