id,zone,kind,kg,m3,first,first_deadline_s,expected_s,priority,distance_m,climb_m,A_feasible,A_energy,A_safe_kg,B_feasible,B_energy,B_safe_kg,C_feasible,C_energy,C_safe_kg
S001-MED-01,S001,医疗物资,3.0,0.012,True,3600.0,3600.0,24.0,3053.9788498734906,145.3566101074219,True,1.1677728122085516,25.0,True,0.9378568200135609,30.0,True,1.9467035736667722,80.0
S001-MED-02,S001,医疗物资,3.0,0.012,False,,3600.0,24.0,3053.9788498734906,145.3566101074219,True,1.1677728122085516,25.0,True,0.9378568200135609,30.0,True,1.9467035736667722,80.0
S001-WAT-01,S001,饮用水,14.0,0.027,True,3600.0,3600.0,12.0,3053.9788498734906,145.3566101074219,True,1.2195019019277902,25.0,True,1.0069524831558114,30.0,True,1.9876262806395224,80.0
S001-WAT-02,S001,饮用水,14.0,0.027,False,,3600.0,12.0,3053.9788498734906,145.3566101074219,True,1.2195019019277902,25.0,True,1.0069524831558114,30.0,True,1.9876262806395224,80.0
S001-WAT-03,S001,饮用水,14.0,0.027,False,,3600.0,12.0,3053.9788498734906,145.3566101074219,True,1.2195019019277902,25.0,True,1.0069524831558114,30.0,True,1.9876262806395224,80.0
S001-WAT-04,S001,饮用水,14.0,0.027,False,,3600.0,12.0,3053.9788498734906,145.3566101074219,True,1.2195019019277902,25.0,True,1.0069524831558114,30.0,True,1.9876262806395224,80.0
S001-WAT-05,S001,饮用水,14.0,0.027,False,,3600.0,12.0,3053.9788498734906,145.3566101074219,True,1.2195019019277902,25.0,True,1.0069524831558114,30.0,True,1.9876262806395224,80.0
S001-WAT-06,S001,饮用水,14.0,0.027,False,,3600.0,12.0,3053.9788498734906,145.3566101074219,True,1.2195019019277902,25.0,True,1.0069524831558114,30.0,True,1.9876262806395224,80.0
S001-WAT-07,S001,饮用水,14.0,0.027,False,,3600.0,12.0,3053.9788498734906,145.3566101074219,True,1.2195019019277902,25.0,True,1.0069524831558114,30.0,True,1.9876262806395224,80.0
S001-WAT-08,S001,饮用水,14.0,0.027,False,,3600.0,12.0,3053.9788498734906,145.3566101074219,True,1.2195019019277902,25.0,True,1.0069524831558114,30.0,True,1.9876262806395224,80.0
S001-FOD-01,S001,应急食品,8.0,0.028,False,,7200.0,10.0,3053.9788498734906,145.3566101074219,True,1.1865634170072596,25.0,True,0.9619754670590609,30.0,True,1.9620423134847682,80.0
S001-FOD-02,S001,应急食品,8.0,0.028,False,,7200.0,10.0,3053.9788498734906,145.3566101074219,True,1.1865634170072596,25.0,True,0.9619754670590609,30.0,True,1.9620423134847682,80.0
S001-FOD-03,S001,应急食品,8.0,0.028,False,,7200.0,10.0,3053.9788498734906,145.3566101074219,True,1.1865634170072596,25.0,True,0.9619754670590609,30.0,True,1.9620423134847682,80.0
S001-HYG-01,S001,生活卫生用品,6.0,0.035,False,,10800.0,8.0,3053.9788498734906,145.3566101074219,True,1.1780520054592074,25.0,True,0.9509031212674451,30.0,True,1.9551735547832587,80.0
S001-HYG-02,S001,生活卫生用品,6.0,0.035,False,,10800.0,8.0,3053.9788498734906,145.3566101074219,True,1.1780520054592074,25.0,True,0.9509031212674451,30.0,True,1.9551735547832587,80.0
S002-MED-01,S002,医疗物资,3.0,0.012,True,3600.0,3600.0,24.0,7411.310533636495,181.25425415039064,True,2.7530074924160037,25.0,True,2.2006941043916877,30.0,True,4.643407704517512,68.86095267788868
S002-WAT-01,S002,饮用水,14.0,0.027,True,3600.0,3600.0,12.0,7411.310533636495,181.25425415039064,True,2.8714050484957605,25.0,True,2.3612363755694132,30.0,True,4.735580632917586,68.86095267788868
S002-WAT-02,S002,饮用水,14.0,0.027,False,,3600.0,12.0,7411.310533636495,181.25425415039064,True,2.8714050484957605,25.0,True,2.3612363755694132,30.0,True,4.735580632917586,68.86095267788868
S002-WAT-03,S002,饮用水,14.0,0.027,False,,3600.0,12.0,7411.310533636495,181.25425415039064,True,2.8714050484957605,25.0,True,2.3612363755694132,30.0,True,4.735580632917586,68.86095267788868
S002-WAT-04,S002,饮用水,14.0,0.027,False,,3600.0,12.0,7411.310533636495,181.25425415039064,True,2.8714050484957605,25.0,True,2.3612363755694132,30.0,True,4.735580632917586,68.86095267788868
S002-FOD-01,S002,应急食品,8.0,0.028,False,,7200.0,10.0,7411.310533636495,181.25425415039064,True,2.795363846449068,25.0,True,2.2559804024644583,30.0,True,4.6773871690730005,68.86095267788868
S002-FOD-02,S002,应急食品,8.0,0.028,False,,7200.0,10.0,7411.310533636495,181.25425415039064,True,2.795363846449068,25.0,True,2.2559804024644583,30.0,True,4.6773871690730005,68.86095267788868
S002-HYG-01,S002,生活卫生用品,6.0,0.035,False,,10800.0,8.0,7411.310533636495,181.25425415039064,True,2.776006254989877,25.0,True,2.2304080073447703,30.0,True,4.662015921640126,68.86095267788868
S003-MED-01,S003,医疗物资,3.0,0.012,True,7200.0,7200.0,20.0,7263.179407310635,434.10413818359376,True,2.804740270212157,25.0,True,2.2560484519116746,30.0,True,4.657208378959266,68.20800464738973
S003-WAT-01,S003,饮用水,14.0,0.027,True,7200.0,7200.0,10.0,7263.179407310635,434.10413818359376,True,2.931445202794789,25.0,True,2.424055745991274,30.0,True,4.758212839963628,68.20800464738973
S003-WAT-02,S003,饮用水,14.0,0.027,False,,7200.0,10.0,7263.179407310635,434.10413818359376,True,2.931445202794789,25.0,True,2.424055745991274,30.0,True,4.758212839963628,68.20800464738973
S003-WAT-03,S003,饮用水,14.0,0.027,False,,7200.0,10.0,7263.179407310635,434.10413818359376,True,2.931445202794789,25.0,True,2.424055745991274,30.0,True,4.758212839963628,68.20800464738973
S003-WAT-04,S003,饮用水,14.0,0.027,False,,7200.0,10.0,7263.179407310635,434.10413818359376,True,2.931445202794789,25.0,True,2.424055745991274,30.0,True,4.758212839963628,68.20800464738973
S003-FOD-01,S003,应急食品,8.0,0.028,False,,10800.0,8.0,7263.179407310635,434.10413818359376,True,2.851101771775328,25.0,True,2.3150814645201114,30.0,True,4.695360421362049,68.20800464738973
S003-FOD-02,S003,应急食品,8.0,0.028,False,,10800.0,8.0,7263.179407310635,434.10413818359376,True,2.851101771775328,25.0,True,2.3150814645201114,30.0,True,4.695360421362049,68.20800464738973
S003-HYG-01,S003,生活卫生用品,6.0,0.035,False,,14400.0,6.0,7263.179407310635,434.10413818359376,True,2.830190391316825,25.0,True,2.2880794967407123,30.0,True,4.678355709192643,68.20800464738973
S004-MED-01,S004,医疗物资,3.0,0.012,True,7200.0,7200.0,20.0,7714.696449438372,270.53916625976564,True,2.908659507163115,25.0,True,2.330734949690028,30.0,True,4.8763842130153545,63.69804205677596
S004-WAT-01,S004,饮用水,14.0,0.027,True,7200.0,7200.0,10.0,7714.696449438372,270.53916625976564,True,3.0353107722968176,25.0,True,2.501256146120397,30.0,True,4.9757373314677,63.69804205677596
S004-WAT-02,S004,饮用水,14.0,0.027,False,,7200.0,10.0,7714.696449438372,270.53916625976564,True,3.0353107722968176,25.0,True,2.501256146120397,30.0,True,4.9757373314677,63.69804205677596
S004-WAT-03,S004,饮用水,14.0,0.027,False,,7200.0,10.0,7714.696449438372,270.53916625976564,True,3.0353107722968176,25.0,True,2.501256146120397,30.0,True,4.9757373314677,63.69804205677596
S004-FOD-01,S004,应急食品,8.0,0.028,False,,10800.0,8.0,7714.696449438372,270.53916625976564,True,2.9542983966225504,25.0,True,2.3898330772858,30.0,True,4.913303300596743,63.69804205677596
S004-HYG-01,S004,生活卫生用品,6.0,0.035,False,,14400.0,6.0,7714.696449438372,270.53916625976564,True,2.9335289296502856,25.0,True,2.3625944003788026,30.0,True,4.896683360751495,63.69804205677596
S005-MED-01,S005,医疗物资,3.0,0.012,True,10800.0,10800.0,16.0,5280.606935319278,198.710888671875,True,1.9986720378152274,25.0,True,1.6025489649180864,30.0,True,3.345542554350473,80.0
S005-WAT-01,S005,饮用水,14.0,0.027,True,10800.0,10800.0,8.0,5280.606935319278,198.710888671875,True,2.085926247310061,25.0,True,1.7198315578983157,30.0,True,3.414111546140153,80.0
S005-WAT-02,S005,饮用水,14.0,0.027,False,,10800.0,8.0,5280.606935319278,198.710888671875,True,2.085926247310061,25.0,True,1.7198315578983157,30.0,True,3.414111546140153,80.0
S005-WAT-03,S005,饮用水,14.0,0.027,False,,10800.0,8.0,5280.606935319278,198.710888671875,True,2.085926247310061,25.0,True,1.7198315578983157,30.0,True,3.414111546140153,80.0
S005-FOD-01,S005,应急食品,8.0,0.028,False,,14400.0,6.0,5280.606935319278,198.710888671875,True,2.030167206826219,25.0,True,1.6432568031134926,30.0,True,3.371069135151468,80.0
S005-HYG-01,S005,生活卫生用品,6.0,0.035,False,,18000.0,4.0,5280.606935319278,198.710888671875,True,2.015848400506602,25.0,True,1.6245099087840267,30.0,True,3.3595906248653806,80.0
S006-MED-01,S006,医疗物资,3.0,0.012,True,3600.0,3600.0,24.0,3186.2081844118425,238.39783935546876,True,1.2312719675806738,25.0,True,0.9905474241736609,30.0,True,2.0439113276692695,80.0
S006-WAT-01,S006,饮用水,14.0,0.027,True,3600.0,3600.0,12.0,3186.2081844118425,238.39783935546876,True,1.2888510329835696,25.0,True,1.0662449904227176,30.0,True,2.090216122082314,80.0
S006-WAT-02,S006,饮用水,14.0,0.027,False,,3600.0,12.0,3186.2081844118425,238.39783935546876,True,1.2888510329835696,25.0,True,1.0662449904227176,30.0,True,2.090216122082314,80.0
S006-WAT-03,S006,饮用水,14.0,0.027,False,,3600.0,12.0,3186.2081844118425,238.39783935546876,True,1.2888510329835696,25.0,True,1.0662449904227176,30.0,True,2.090216122082314,80.0
S006-FOD-01,S006,应急食品,8.0,0.028,False,,7200.0,10.0,3186.2081844118425,238.39783935546876,True,1.2525171751780213,25.0,True,1.0173513643779235,30.0,True,2.061555213517619,80.0
S006-HYG-01,S006,生活卫生用品,6.0,0.035,False,,10800.0,8.0,3186.2081844118425,238.39783935546876,True,1.2429808342560729,25.0,True,1.0051432074259066,30.0,True,2.053732648034561,80.0
S007-MED-01,S007,医疗物资,3.0,0.012,True,3600.0,3600.0,24.0,4534.460604757262,384.27317504882814,True,1.7886752917564728,25.0,True,1.4435249061617532,30.0,True,2.9451338940941345,80.0
S007-WAT-01,S007,饮用水,14.0,0.027,True,3600.0,3600.0,12.0,4534.460604757262,384.27317504882814,True,1.8724917496903126,25.0,True,1.5531267564959155,30.0,True,3.012905343449768,80.0
S007-WAT-02,S007,饮用水,14.0,0.027,False,,3600.0,12.0,4534.460604757262,384.27317504882814,True,1.8724917496903126,25.0,True,1.5531267564959155,30.0,True,3.012905343449768,80.0
S007-FOD-01,S007,应急食品,8.0,0.028,False,,7200.0,10.0,4534.460604757262,384.27317504882814,True,1.8197616736469722,25.0,True,1.482522213063918,30.0,True,2.971095045412514,80.0
S007-HYG-01,S007,生活卫生用品,6.0,0.035,False,,10800.0,8.0,4534.460604757262,384.27317504882814,True,1.8058495214385089,25.0,True,1.4648076588056522,30.0,True,2.959621857252623,80.0
S008-MED-01,S008,医疗物资,3.0,0.012,True,7200.0,7200.0,20.0,8079.033147823322,245.20933227539064,True,3.015384117107015,25.0,True,2.4123240361686333,28.80178883646714,True,5.076080367749453,58.90535322452244
S008-WAT-01,S008,饮用水,14.0,0.027,True,7200.0,7200.0,10.0,8079.033147823322,245.20933227539064,True,3.1464307531347657,25.0,True,2.589312418765596,28.80178883646714,True,5.17853966617316,58.90535322452244
S008-WAT-02,S008,饮用水,14.0,0.027,False,,7200.0,10.0,8079.033147823322,245.20933227539064,True,3.1464307531347657,25.0,True,2.589312418765596,28.80178883646714,True,5.17853966617316,58.90535322452244
S008-FOD-01,S008,应急食品,8.0,0.028,False,,10800.0,8.0,8079.033147823322,245.20933227539064,True,3.06245749872948,25.0,True,2.473492286171283,28.80178883646714,True,5.1140221433681186,58.90535322452244
S008-HYG-01,S008,生活卫生用品,6.0,0.035,False,,14400.0,6.0,8079.033147823322,245.20933227539064,True,3.040995512125858,25.0,True,2.445255572675233,28.80178883646714,True,5.096905650774103,58.90535322452244
S009-MED-01,S009,医疗物资,3.0,0.012,True,10800.0,10800.0,16.0,5705.14500422856,165.52891235351564,True,2.124924523764914,25.0,True,1.6993744459111166,30.0,True,3.5801260243568818,80.0
S009-WAT-01,S009,饮用水,14.0,0.027,True,10800.0,10800.0,8.0,5705.14500422856,165.52891235351564,True,2.217147773678388,25.0,True,1.8240402320946005,30.0,True,3.652161845486275,80.0
S009-FOD-01,S009,应急食品,8.0,0.028,False,,14400.0,6.0,5705.14500422856,165.52891235351564,True,2.158021849500379,25.0,True,1.7424250997804231,30.0,True,3.6067749130801525,80.0
S010-MED-01,S010,医疗物资,3.0,0.012,True,3600.0,3600.0,24.0,4784.49487974718,307.93653564453126,True,1.8369434905991544,25.0,True,1.4762793446831148,30.0,True,3.0572406332289015,80.0
S010-WAT-01,S010,饮用水,14.0,0.027,True,3600.0,3600.0,12.0,4784.49487974718,307.93653564453126,True,1.9213228614814786,25.0,True,1.5878659379155862,30.0,True,3.1246902591913144,80.0
S010-FOD-01,S010,应急食品,8.0,0.028,False,,7200.0,10.0,4784.49487974718,307.93653564453126,True,1.8678990935193613,25.0,True,1.515582088203169,30.0,True,3.082788395709585,80.0
S011-MED-01,S011,医疗物资,3.0,0.012,True,10800.0,10800.0,16.0,2808.074236967114,167.66175537109376,True,1.0835018288029632,25.0,True,0.8714291541416914,30.0,True,1.799700147579326,80.0
S011-WAT-01,S011,饮用水,14.0,0.027,True,10800.0,10800.0,8.0,2808.074236967114,167.66175537109376,True,1.1324811067031377,25.0,True,0.9363766590043998,30.0,True,1.8387431664296132,80.0
S011-FOD-01,S011,应急食品,8.0,0.028,False,,14400.0,6.0,2808.074236967114,167.66175537109376,True,1.1014227815958426,25.0,True,0.8942491382973154,30.0,True,1.814447177565822,80.0
S012-MED-01,S012,医疗物资,3.0,0.012,True,3600.0,7200.0,22.0,7390.491866657148,285.6009948730469,True,2.785966264069198,25.0,True,2.2323827796138884,30.0,True,4.670999835217808,68.11816446218053
S012-WAT-01,S012,饮用水,14.0,0.027,True,3600.0,3600.0,12.0,7390.491866657148,285.6009948730469,True,2.9083951006079647,25.0,True,2.3968379450644592,30.0,True,4.767277710102334,68.11816446218053
S012-FOD-01,S012,应急食品,8.0,0.028,False,,7200.0,10.0,7390.491866657148,285.6009948730469,True,2.8301872119219604,25.0,True,2.289497350777681,30.0,True,4.706867424609753,68.11816446218053
S013-MED-01,S013,医疗物资,3.0,0.012,True,3600.0,3600.0,24.0,4849.242423912844,271.48182373046876,True,1.840600719458663,25.0,True,1.4765372588504235,30.0,True,3.0774415113986544,80.0
S013-WAT-01,S013,饮用水,14.0,0.027,True,3600.0,3600.0,12.0,4849.242423912844,271.48182373046876,True,1.9244313849940022,25.0,True,1.5879433362470317,30.0,True,3.1441133254031515,80.0
S013-FOD-01,S013,应急食品,8.0,0.028,False,,7200.0,10.0,4849.242423912844,271.48182373046876,True,1.871206786423234,25.0,True,1.5156034264802671,30.0,True,3.1025665547776224,80.0
S014-MED-01,S014,医疗物资,3.0,0.012,True,3600.0,7200.0,22.0,5419.601888460409,464.2473876953125,True,2.151268250319699,25.0,True,1.737787581363936,30.0,True,3.5334521722898966,80.0
S014-WAT-01,S014,饮用水,14.0,0.027,True,3600.0,3600.0,12.0,5419.601888460409,464.2473876953125,True,2.2516524929254365,25.0,True,1.86899060784021,30.0,True,3.6146593690746642,80.0
S014-FOD-01,S014,应急食品,8.0,0.028,False,,7200.0,10.0,5419.601888460409,464.2473876953125,True,2.188516676911157,25.0,True,1.784491170954871,30.0,True,3.5645749068291797,80.0
S015-MED-01,S015,医疗物资,3.0,0.012,True,7200.0,7200.0,18.0,6009.383062809717,444.09925537109376,True,2.320870971408974,25.0,True,1.8669440992767738,30.0,True,3.853560279081193,80.0
S015-WAT-01,S015,饮用水,14.0,0.027,True,10800.0,10800.0,8.0,6009.383062809717,444.09925537109376,True,2.4292383057498395,25.0,True,2.009484031830496,30.0,True,3.9406636503629575,80.0
S015-FOD-01,S015,应急食品,8.0,0.028,False,,14400.0,6.0,6009.383062809717,444.09925537109376,True,2.360836049093245,25.0,True,1.9173932858595504,30.0,True,3.8867330441890173,80.0
