craft,mission,battery,prepare_start_s,takeoff_s,zones,return_s,wait_before_s,battery_unavailability_wait_s,dispatch_idle_s,next_task_wait_s,flight_s
U01,Q2-003,A-BAT-01,0.0,360.0,"S006,S014",2719.10179360261,0.0,0,0,907.7894738540904,1999.10179360261
U01,Q2-019,A-BAT-03,3626.8912674567005,3956.8912674567005,S003,5829.52057134441,907.7894738540904,907.7894738540904,0,,1692.6293038877097
U02,Q2-005,A-BAT-02,0.0,390.0,"S013,S014",2405.2793873059745,0.0,0,0,1058.3371478127633,1625.2793873059745
U02,Q2-018,A-BAT-04,3463.616535118738,3823.616535118738,"S002,S012",6042.224265042369,1058.3371478127633,1058.3371478127633,0,,1858.6077299236308
U03,Q2-007,A-BAT-03,0.0,360.0,S008,2171.1325453077934,0.0,0,0,0.0,1601.1325453077934
U03,Q2-015,A-BAT-06,2171.1325453077934,2531.1325453077934,S006,3484.6107404311215,0.0,0,0,242.3330338567839,743.4781951233281
U03,Q2-022,A-BAT-02,3726.9437742879054,4086.9437742879054,S008,5898.076319595699,242.3330338567839,242.3330338567839,0,,1601.1325453077934
U04,Q2-010,A-BAT-04,0.0,360.0,S012,2109.0901035899933,0.0,0,0,0.0,1539.0901035899933
U04,Q2-014,A-BAT-05,2109.0901035899933,2469.0901035899933,S013,3721.2038490468217,0.0,0,0,509.27842954805374,1042.1137454568284
U04,Q2-023,A-BAT-01,4230.482278594875,4560.482278594875,S002,6174.220273621531,509.27842954805374,509.27842954805374,0,,1433.7379950266559
U05,Q2-006,B-BAT-01,0.0,390.0,S007,1636.2754040392497,0.0,0,0,0.0,1006.2754040392497
U05,Q2-012,B-BAT-04,1636.2754040392497,2026.2754040392497,S010,3191.6549736175193,0.0,0,0,0.0,925.3795695782696
U05,Q2-020,B-BAT-01,3191.6549736175193,3521.6549736175193,S007,4707.9303776567685,0.0,0,0,0.0,1006.2754040392492
U05,Q2-021,B-BAT-03,4707.9303776567685,5097.9303776567685,S009,6266.3721163390655,0.0,0,0,,928.441738682297
U06,Q2-008,B-BAT-02,0.0,360.0,S006,1207.2712556429333,0.0,0,0,0.0,637.2712556429333
U06,Q2-011,B-BAT-03,1207.2712556429333,1567.2712556429333,"S006,S007",3105.929009606835,0.0,0,0,0.0,1178.6577539639015
U06,Q2-016,B-BAT-02,3105.929009606835,3495.929009606835,S015,4934.205659192401,0.0,0,0,0.0,1198.2766495855662
U06,Q2-024,B-BAT-04,4934.205659192401,5324.205659192401,S011,6122.6261319989535,0.0,0,0,,558.4204728065524
U07,Q2-001,C-BAT-01,0.0,510.0,S001,1560.1690781764914,0.0,0,0,0.0,618.1690781764914
U07,Q2-004,C-BAT-03,1560.1690781764914,2040.1690781764914,S004,3861.225770702519,0.0,0,0,0.0,1425.0566925260277
U07,Q2-017,C-BAT-02,3861.225770702519,4371.225770702519,S003,6363.317140407739,0.0,0,0,,1560.0913697052201
U08,Q2-002,C-BAT-02,0.0,540.0,S001,1626.1690781764914,0.0,0,0,0.0,618.1690781764914
U08,Q2-009,C-BAT-04,1626.1690781764914,2106.1690781764914,S002,3733.9814734653937,0.0,0,0,0.0,1231.8123952889023
U08,Q2-013,C-BAT-01,3733.9814734653937,4243.981473465394,"S005,S008",6374.558827573746,0.0,0,0,,1518.5773541083527
