mission,assigned_model,tested_model,feasible,boxes,kg,m3,duration_s,energy_kwh,soc
Q2-001,B,A,True,"S002-MED-01,S002-WAT-01",17.0,0.039,2003.7379950266554,2.9199322271017136,0.3511261717551748
Q2-001,B,B,True,"S002-MED-01,S002-WAT-01",17.0,0.039,1756.6943105721057,2.432608813164296,0.391847796708926
Q2-001,B,C,True,"S002-MED-01,S002-WAT-01",17.0,0.039,1843.8123952889023,4.771037418348029,0.4036203227064964
Q2-002,B,A,True,"S012-MED-01,S012-WAT-01",17.0,0.039,2109.0901035899933,2.9579761091379613,0.3426719757471197
Q2-002,B,B,True,"S012-MED-01,S012-WAT-01",17.0,0.039,1862.7403747014218,2.469200039339424,0.382699990165144
Q2-002,B,C,True,"S012-MED-01,S012-WAT-01",17.0,0.039,1974.590706325771,4.803825040712722,0.39952186991090977
Q2-003,B,A,True,"S014-MED-01,S014-WAT-01",17.0,0.039,1990.4098166965266,2.2909034507048833,0.49091034428780367
Q2-003,B,B,True,"S014-MED-01,S014-WAT-01",17.0,0.039,1809.756420414513,1.9249474111238822,0.5187631472190295
Q2-003,B,C,True,"S014-MED-01,S014-WAT-01",17.0,0.039,1969.288882979617,3.644352458887923,0.5444559426390096
Q2-004,B,A,True,"S013-MED-01,S013-WAT-01",17.0,0.039,1612.1137454568284,1.957918169097216,0.564907073533952
Q2-004,B,B,True,"S013-MED-01,S013-WAT-01",17.0,0.039,1450.4723313264,1.6363778409418477,0.5909055397645381
Q2-004,B,C,True,"S013-MED-01,S013-WAT-01",17.0,0.039,1545.6329392365565,3.1690481125557257,0.6038689859305343
Q2-005,A,A,True,"S010-MED-01,S010-WAT-01",17.0,0.039,1654.8627322365091,1.9548174415079265,0.5655961241093497
Q2-005,A,B,True,"S010-MED-01,S010-WAT-01",17.0,0.039,1495.3795695782696,1.6361086551524449,0.5909728362118888
Q2-005,A,C,True,"S010-MED-01,S010-WAT-01",17.0,0.039,1602.7084147931134,3.149747029340455,0.6062816213324431
Q2-006,A,A,True,"S007-MED-01,S007-WAT-01",17.0,0.039,1727.4240908644917,1.9052850249208988,0.5766033277953558
Q2-006,A,B,True,"S007-MED-01,S007-WAT-01",17.0,0.039,1576.2754040392497,1.599897441851287,0.6000256395371782
Q2-006,A,C,True,"S007-MED-01,S007-WAT-01",17.0,0.039,1709.5664623888588,3.037701762702717,0.6202872796621604
Q2-007,A,A,True,"S006-MED-01,S006-WAT-01",17.0,0.039,1313.4781951233279,1.3115348612028583,0.7085478086215871
Q2-007,A,B,True,"S006-MED-01,S006-WAT-01",17.0,0.039,1207.2712556429333,1.0987502599154728,0.7253124350211317
Q2-007,A,C,True,"S006-MED-01,S006-WAT-01",17.0,0.039,1297.5538687614228,2.107280836985505,0.7365898953768119
Q2-008,A,A,True,"S001-MED-01,S001-MED-02,S001-WAT-01",20.0,0.051000000000000004,1310.8995031364673,1.2643207140884318,0.7190398413136818
Q2-008,A,B,True,"S001-MED-01,S001-MED-02,S001-WAT-01",20.0,0.051000000000000004,1209.1002081406841,1.0739575242820822,0.7315106189294794
Q2-008,A,C,True,"S001-MED-01,S001-MED-02,S001-WAT-01",20.0,0.051000000000000004,1296.1690781764914,2.020176236340389,0.7474779704574515
Q2-009,B,A,True,"S008-MED-01,S008-WAT-01",17.0,0.039,2171.1325453077934,3.1998705488660804,0.2889176558075377
Q2-009,B,B,True,"S008-MED-01,S008-WAT-01",17.0,0.039,1901.8314403803492,2.667655718918228,0.333086070270443
Q2-009,B,C,True,"S008-MED-01,S008-WAT-01",17.0,0.039,2001.7012178054792,5.217731490612383,0.3477835636734521
Q2-010,B,A,True,"S004-MED-01,S004-WAT-01",17.0,0.039,2178.800185420718,3.08675363002579,0.31405474888315776
Q2-010,B,B,True,"S004-MED-01,S004-WAT-01",17.0,0.039,1921.6436371061059,2.576479445595603,0.35588013860109924
Q2-010,B,C,True,"S004-MED-01,S004-WAT-01",17.0,0.039,2037.0566925260277,5.013574752564887,0.3733031559293891
Q2-011,B,A,True,"S003-MED-01,S003-WAT-01",17.0,0.039,2262.62930388771,2.9819134991309415,0.3373525557486796
Q2-011,B,B,True,"S003-MED-01,S003-WAT-01",17.0,0.039,2020.5233236440222,2.4969126892327207,0.3757718276918198
Q2-011,B,C,True,"S003-MED-01,S003-WAT-01",17.0,0.039,2172.09136970522,4.7958719832995165,0.40051600208756044
Q2-012,B,A,True,"S015-MED-01,S015-WAT-01",17.0,0.039,1968.5894183458904,2.4719585818167804,0.45067587070738213
Q2-012,B,B,True,"S015-MED-01,S015-WAT-01",17.0,0.039,1768.2766495855662,2.070728145457677,0.48231796363558077
Q2-012,B,C,True,"S015-MED-01,S015-WAT-01",17.0,0.039,1900.5097347092642,3.9727859358293567,0.5034017580213304
Q2-013,B,A,True,"S009-MED-01,S009-WAT-01",17.0,0.039,1688.6132388232495,2.2547985831642734,0.49893364818571706
Q2-013,B,B,True,"S009-MED-01,S009-WAT-01",17.0,0.039,1498.4417386822975,1.8792770696654606,0.5301807325836349
Q2-013,B,C,True,"S009-MED-01,S009-WAT-01",17.0,0.039,1578.568042800136,3.679751210644584,0.540031098669427
Q2-014,B,A,True,"S005-MED-01,S005-WAT-01",17.0,0.039,1692.190459271963,2.1212917723816784,0.528601828359627
Q2-014,B,B,True,"S005-MED-01,S005-WAT-01",17.0,0.039,1516.1702280946538,1.7714744785140264,0.5571313803714935
Q2-014,B,C,True,"S005-MED-01,S005-WAT-01",17.0,0.039,1613.190524318612,3.440164331105051,0.5699794586118686
Q2-015,B,A,True,"S011-MED-01,S011-WAT-01",17.0,0.039,1222.022947372123,1.1519911103906866,0.7440019754687364
Q2-015,B,B,True,"S011-MED-01,S011-WAT-01",17.0,0.039,1128.4204728065527,0.9645425114669393,0.7588643721332652
Q2-015,B,C,True,"S011-MED-01,S011-WAT-01",17.0,0.039,1212.2410579302505,1.8533009239285012,0.7683373845089374
Q2-016,C,A,False,"S006-WAT-02,S006-WAT-03,S006-FOD-01,S006-HYG-01,S007-WAT-02,S007-FOD-01,S007-HYG-01",70.0,0.20700000000000002,,,
Q2-016,C,B,False,"S006-WAT-02,S006-WAT-03,S006-FOD-01,S006-HYG-01,S007-WAT-02,S007-FOD-01,S007-HYG-01",70.0,0.20700000000000002,,,
Q2-016,C,C,True,"S006-WAT-02,S006-WAT-03,S006-FOD-01,S006-HYG-01,S007-WAT-02,S007-FOD-01,S007-HYG-01",70.0,0.20700000000000002,2413.563144385451,4.287969060471995,0.46400386744100064
Q2-017,C,A,False,"S001-WAT-02,S001-WAT-03,S001-WAT-04,S001-FOD-01,S001-FOD-02,S001-FOD-03",66.0,0.165,,,
Q2-017,C,B,False,"S001-WAT-02,S001-WAT-03,S001-WAT-04,S001-FOD-01,S001-FOD-02,S001-FOD-03",66.0,0.165,,,
Q2-017,C,C,True,"S001-WAT-02,S001-WAT-03,S001-WAT-04,S001-FOD-01,S001-FOD-02,S001-FOD-03",66.0,0.165,1494.1690781764914,2.6132885847279708,0.6733389269090037
Q2-018,C,A,False,"S002-WAT-02,S002-WAT-03,S002-WAT-04,S002-FOD-01,S002-FOD-02,S002-HYG-01",64.0,0.17200000000000001,,,
Q2-018,C,B,False,"S002-WAT-02,S002-WAT-03,S002-WAT-04,S002-FOD-01,S002-FOD-02,S002-HYG-01",64.0,0.17200000000000001,,,
Q2-018,C,C,True,"S002-WAT-02,S002-WAT-03,S002-WAT-04,S002-FOD-01,S002-FOD-02,S002-HYG-01",64.0,0.17200000000000001,2107.8123952889023,6.105616488092624,0.23679793898842205
Q2-019,C,A,False,"S001-WAT-05,S001-WAT-06,S001-WAT-07,S001-WAT-08,S001-HYG-01,S001-HYG-02",68.0,0.178,,,
Q2-019,C,B,False,"S001-WAT-05,S001-WAT-06,S001-WAT-07,S001-WAT-08,S001-HYG-01,S001-HYG-02",68.0,0.178,,,
Q2-019,C,C,True,"S001-WAT-05,S001-WAT-06,S001-WAT-07,S001-WAT-08,S001-HYG-01,S001-HYG-02",68.0,0.178,1494.1690781764914,2.664749194383395,0.6669063507020756
Q2-020,C,A,False,"S004-WAT-02,S004-WAT-03,S004-FOD-01,S004-HYG-01",42.0,0.117,,,
Q2-020,C,B,False,"S004-WAT-02,S004-WAT-03,S004-FOD-01,S004-HYG-01",42.0,0.117,,,
Q2-020,C,C,True,"S004-WAT-02,S004-WAT-03,S004-FOD-01,S004-HYG-01",42.0,0.117,2169.0566925260277,5.518446500653862,0.3101941874182672
Q2-021,C,A,False,"S003-WAT-02,S003-WAT-03,S003-WAT-04,S003-FOD-01,S003-FOD-02,S003-HYG-01",64.0,0.17200000000000001,,,
Q2-021,C,B,False,"S003-WAT-02,S003-WAT-03,S003-WAT-04,S003-FOD-01,S003-FOD-02,S003-HYG-01",64.0,0.17200000000000001,,,
Q2-021,C,C,True,"S003-WAT-02,S003-WAT-03,S003-WAT-04,S003-FOD-01,S003-FOD-02,S003-HYG-01",64.0,0.17200000000000001,2436.09136970522,6.149382867029242,0.2313271416213447
Q2-022,C,A,False,"S008-WAT-02,S008-FOD-01,S008-HYG-01,S015-FOD-01",36.0,0.11800000000000001,,,
Q2-022,C,B,False,"S008-WAT-02,S008-FOD-01,S008-HYG-01,S015-FOD-01",36.0,0.11800000000000001,,,
Q2-022,C,C,True,"S008-WAT-02,S008-FOD-01,S008-HYG-01,S015-FOD-01",36.0,0.11800000000000001,2829.0075823481116,6.300745806458828,0.21240677419264653
Q2-023,C,A,False,"S011-FOD-01,S005-WAT-02,S005-WAT-03,S005-FOD-01,S005-HYG-01",50.0,0.14500000000000002,,,
Q2-023,C,B,False,"S011-FOD-01,S005-WAT-02,S005-WAT-03,S005-FOD-01,S005-HYG-01",50.0,0.14500000000000002,,,
Q2-023,C,C,True,"S011-FOD-01,S005-WAT-02,S005-WAT-03,S005-FOD-01,S005-HYG-01",50.0,0.14500000000000002,2107.16233935378,4.054705219091909,0.49316184761351134
Q2-024,B,A,True,"S010-FOD-01,S014-FOD-01",16.0,0.056,2255.3288248020162,2.4813010805994447,0.4485997598667901
Q2-024,B,B,True,"S010-FOD-01,S014-FOD-01",16.0,0.056,2056.040691921691,2.0658317292075714,0.48354206769810715
Q2-024,B,C,True,"S010-FOD-01,S014-FOD-01",16.0,0.056,2250.5152738308707,3.9816071715966483,0.502299103550419
Q2-025,B,A,True,"S009-FOD-01,S012-FOD-01",16.0,0.056,2374.324543160436,3.1574053773251323,0.298354360594415
Q2-025,B,B,True,"S009-FOD-01,S012-FOD-01",16.0,0.056,2106.5188980374633,2.605136369652729,0.3487159075868177
Q2-025,B,C,True,"S009-FOD-01,S012-FOD-01",16.0,0.056,2250.1771520250936,5.176458726321847,0.3529426592097691
Q2-026,B,A,True,S013-FOD-01,8.0,0.028,1552.1137454568284,1.871206786423234,0.5841762696837258
Q2-026,B,B,True,S013-FOD-01,8.0,0.028,1390.4723313264,1.5156034264802671,0.6210991433799332
Q2-026,B,C,True,S013-FOD-01,8.0,0.028,1479.6329392365565,3.1025665547776224,0.6121791806527972
