question,mission,src,dst,remaining_kg,distance_m,dem_max_m,cruise_alt_m,climb_m,descent_m,energy_kwh,flight_s
Q2,Q2-001,O01,S001,79,3053.9788498734906,223.05661010742188,273.0566101074219,145.3566101074219,89.05661010742188,2.0744227136267486,306.2695390882457
Q2,Q2-001,S001,O01,0,3053.9788498734906,223.05661010742188,273.0566101074219,89.05661010742188,145.3566101074219,0.9632378661976271,311.8995390882457
Q2,Q2-002,O01,S001,75,3053.9788498734906,223.05661010742188,273.0566101074219,145.3566101074219,89.05661010742188,1.9178039630796302,306.2695390882457
Q2,Q2-002,S001,O01,0,3053.9788498734906,223.05661010742188,273.0566101074219,89.05661010742188,145.3566101074219,0.9632378661976271,311.8995390882457
Q2,Q2-003,O01,S006,22,3186.2081844118425,316.09783935546875,366.09783935546875,238.39783935546876,51.29783935546874,0.7699121647881749,365.5024308949973
Q2,Q2-003,S006,S014,8,8596.786889812196,556.662109375,606.662109375,291.862109375,255.662109375,1.691679416731092,915.9511210260164
Q2,Q2-003,S014,O01,0,5419.601888460409,541.9473876953125,591.9473876953125,240.9473876953125,464.2473876953125,1.0393408665308816,717.6482416815966
Q2,Q2-004,O01,S004,59,7714.696449438374,348.2391662597656,398.2391662597656,270.53916625976564,169.9391662597656,3.734176434456999,707.4983462630139
Q2,Q2-004,S004,O01,0,7714.696449438374,348.2391662597656,398.2391662597656,169.9391662597656,270.53916625976564,2.418695161599122,717.558346263014
Q2,Q2-005,O01,S013,20,4849.242423912844,349.18182373046875,399.18182373046875,271.48182373046876,47.48182373046876,1.1110813650365297,513.5902060617475
Q2,Q2-005,S013,S014,17,3127.400503267187,483.26031494140625,533.2603149414062,181.56031494140626,182.26031494140625,0.6938006464469636,394.0409395626302
Q2,Q2-005,S014,O01,0,5419.601888460409,541.9473876953125,591.9473876953125,240.9473876953125,464.2473876953125,1.0393408665308816,717.6482416815966
Q2,Q2-006,O01,S007,25,4534.460604757262,461.9731750488281,511.9731750488281,384.27317504882814,163.47317504882812,1.0919825264363892,495.7777020196248
Q2,Q2-006,S007,O01,0,4534.460604757262,461.9731750488281,511.9731750488281,163.47317504882812,384.27317504882814,0.6879818895520807,510.49770201962485
Q2,Q2-007,O01,S008,22,8079.033147823322,322.9093322753906,372.9093322753906,245.20933227539064,102.00933227539065,1.8271534498430815,795.7929393205633
Q2,Q2-007,S008,O01,0,8079.033147823322,322.9093322753906,372.9093322753906,102.00933227539065,245.20933227539064,1.481242126826212,805.33960598723
Q2,Q2-008,O01,S006,9,3186.2081844118425,316.09783935546875,366.09783935546875,238.39783935546876,51.29783935546874,0.5563999600690036,312.3989611547999
Q2,Q2-008,S006,O01,0,3186.2081844118425,316.09783935546875,366.09783935546875,51.29783935546874,238.39783935546876,0.467787913035657,324.87229448813326
Q2,Q2-009,O01,S002,65,7411.310533636495,258.9542541503906,308.9542541503906,181.25425415039064,89.45425415039062,3.8577702557965963,611.3161976444512
Q2,Q2-009,S002,O01,0,7411.310533636495,258.9542541503906,308.9542541503906,89.45425415039062,181.25425415039064,2.3040604689917332,620.4961976444513
Q2,Q2-010,O01,S012,17,7390.491866657148,363.3009948730469,413.3009948730469,285.6009948730469,133.50099487304686,1.592331158326394,764.4750517949967
Q2,Q2-010,S012,O01,0,7390.491866657148,363.3009948730469,413.3009948730469,133.50099487304686,285.6009948730469,1.3656449508115676,774.6150517949967
Q2,Q2-011,O01,S006,28,3186.2081844118425,316.09783935546875,366.09783935546875,238.39783935546876,51.29783935546874,0.8257335158440818,312.3989611547999
Q2,Q2-011,S006,S007,14,2507.44175246715,540.361328125,590.361328125,275.561328125,241.861328125,0.49725363349232377,355.7610907894766
Q2,Q2-011,S007,O01,0,4534.460604757262,461.9731750488281,511.9731750488281,163.47317504882812,384.27317504882814,0.6879818895520807,510.49770201962485
Q2,Q2-012,O01,S010,25,4784.49487974718,385.63653564453125,435.63653564453125,307.93653564453126,84.03653564453123,1.1189870491637008,455.22645145580157
Q2,Q2-012,S010,O01,0,4784.49487974718,385.63653564453125,435.63653564453125,84.03653564453123,307.93653564453126,0.7041657801086519,470.15311812246824
Q2,Q2-013,O01,S005,65,5280.606935319278,276.410888671875,326.410888671875,198.710888671875,131.410888671875,2.784191834390602,497.230262159306
Q2,Q2-013,S005,S008,6,3040.1704451574947,316.78717041015625,366.78717041015625,171.78717041015625,95.88717041015627,0.9952292940526336,319.33648304630697
Q2,Q2-013,S008,O01,0,8079.033147823322,322.9093322753906,372.9093322753906,102.00933227539065,245.20933227539064,2.5128339188798234,702.0106089027397
Q2,Q2-014,O01,S013,22,4849.242423912844,349.18182373046875,399.18182373046875,271.48182373046876,47.48182373046876,1.1399703600104236,513.5902060617475
Q2,Q2-014,S013,O01,0,4849.242423912844,349.18182373046875,399.18182373046875,47.48182373046876,271.48182373046876,0.8854387265311824,528.5235393950808
Q2,Q2-015,O01,S006,22,3186.2081844118425,316.09783935546875,366.09783935546875,238.39783935546876,51.29783935546874,0.7699121647881749,365.5024308949973
Q2,Q2-015,S006,O01,0,3186.2081844118425,316.09783935546875,366.09783935546875,51.29783935546874,238.39783935546876,0.5871031973230173,377.9757642283306
Q2,Q2-016,O01,S015,25,6009.383062809716,521.7992553710938,571.7992553710938,444.09925537109376,97.29925537109375,1.4249816120635324,587.5783247927832
Q2,Q2-016,S015,O01,0,6009.383062809716,521.7992553710938,571.7992553710938,97.29925537109375,444.09925537109376,0.8824114132343711,610.6983247927831
Q2,Q2-017,O01,S003,67,7263.179407310635,511.80413818359375,561.8041381835938,434.10413818359376,223.30413818359375,4.030081045172512,769.5056848526101
Q2,Q2-017,S003,O01,0,7263.179407310635,511.80413818359375,561.8041381835938,223.30413818359375,434.10413818359376,2.293879834375755,790.58568485261
Q2,Q2-018,O01,S002,16,7411.310533636495,258.9542541503906,308.9542541503906,181.25425415039064,89.45425415039062,1.5452009703436946,713.8089975133278
Q2,Q2-018,S002,S012,8,3071.2755394539804,358.1782531738281,408.1782531738281,188.67825317382812,128.3782531738281,0.6292763621198827,370.18368061530566
Q2,Q2-018,S012,O01,0,7390.491866657148,363.3009948730469,413.3009948730469,133.50099487304686,285.6009948730469,1.3656449508115676,774.6150517949967
Q2,Q2-019,O01,S003,14,7263.179407310635,511.80413818359375,561.8041381835938,434.10413818359376,223.30413818359375,1.5649330225690483,839.2879852771883
Q2,Q2-019,S003,O01,0,7263.179407310635,511.80413818359375,561.8041381835938,223.30413818359375,434.10413818359376,1.3665121802257405,853.3413186105216
Q2,Q2-020,O01,S007,6,4534.460604757262,461.9731750488281,511.9731750488281,384.27317504882814,163.47317504882812,0.7768257692535716,495.7777020196248
Q2,Q2-020,S007,O01,0,4534.460604757262,461.9731750488281,511.9731750488281,163.47317504882812,384.27317504882814,0.6879818895520807,510.49770201962485
Q2,Q2-021,O01,S009,25,5705.145004228559,243.22891235351562,293.2289123535156,165.52891235351564,63.228912353515625,1.265639028661829,460.8108693411487
Q2,Q2-021,S009,O01,0,5705.145004228559,243.22891235351562,293.2289123535156,63.228912353515625,165.52891235351564,0.8305701546531252,467.6308693411487
Q2,Q2-022,O01,S008,17,8079.033147823322,322.9093322753906,372.9093322753906,245.20933227539064,102.00933227539065,1.7186284220398687,795.7929393205633
Q2,Q2-022,S008,O01,0,8079.033147823322,322.9093322753906,372.9093322753906,102.00933227539065,245.20933227539064,1.481242126826212,805.33960598723
Q2,Q2-023,O01,S002,8,7411.310533636495,258.9542541503906,308.9542541503906,181.25425415039064,89.45425415039062,1.4376368781327418,713.8089975133278
Q2,Q2-023,S002,O01,0,7411.310533636495,258.9542541503906,308.9542541503906,89.45425415039062,181.25425415039064,1.3577269683163264,719.9289975133278
Q2,Q2-024,O01,S011,25,2808.074236967114,245.36175537109375,295.36175537109375,167.66175537109376,83.26175537109376,0.652295832181986,276.396903069943
Q2,Q2-024,S011,O01,0,2808.074236967114,245.36175537109375,295.36175537109375,83.26175537109376,167.66175537109376,0.42162943775764883,282.02356973660966
Q3,Q3-001,O01,S001,79,3053.9788498734906,223.05661010742188,273.0566101074219,145.3566101074219,89.05661010742188,2.0744227136267486,306.2695390882457
Q3,Q3-001,S001,O01,0,3053.9788498734906,223.05661010742188,273.0566101074219,89.05661010742188,145.3566101074219,0.9632378661976271,311.8995390882457
Q3,Q3-002,O01,S001,75,3053.9788498734906,223.05661010742188,273.0566101074219,145.3566101074219,89.05661010742188,1.9178039630796302,306.2695390882457
Q3,Q3-002,S001,O01,0,3053.9788498734906,223.05661010742188,273.0566101074219,89.05661010742188,145.3566101074219,0.9632378661976271,311.8995390882457
Q3,Q3-003,O01,S006,22,3186.2081844118425,316.09783935546875,366.09783935546875,238.39783935546876,51.29783935546874,0.7699121647881749,365.5024308949973
Q3,Q3-003,S006,S014,8,8596.786889812196,556.662109375,606.662109375,291.862109375,255.662109375,1.691679416731092,915.9511210260164
Q3,Q3-003,S014,O01,0,5419.601888460409,541.9473876953125,591.9473876953125,240.9473876953125,464.2473876953125,1.0393408665308816,717.6482416815966
Q3,Q3-004,O01,S004,59,7714.696449438374,348.2391662597656,398.2391662597656,270.53916625976564,169.9391662597656,3.734176434456999,707.4983462630139
Q3,Q3-004,S004,O01,0,7714.696449438374,348.2391662597656,398.2391662597656,169.9391662597656,270.53916625976564,2.418695161599122,717.558346263014
Q3,Q3-005,O01,S013,20,4849.242423912844,349.18182373046875,399.18182373046875,271.48182373046876,47.48182373046876,1.1110813650365297,513.5902060617475
Q3,Q3-005,S013,S014,17,3127.400503267187,483.26031494140625,533.2603149414062,181.56031494140626,182.26031494140625,0.6938006464469636,394.0409395626302
Q3,Q3-005,S014,O01,0,5419.601888460409,541.9473876953125,591.9473876953125,240.9473876953125,464.2473876953125,1.0393408665308816,717.6482416815966
Q3,Q3-006,O01,S007,25,4534.460604757262,461.9731750488281,511.9731750488281,384.27317504882814,163.47317504882812,1.0919825264363892,495.7777020196248
Q3,Q3-006,S007,O01,0,4534.460604757262,461.9731750488281,511.9731750488281,163.47317504882812,384.27317504882814,0.6879818895520807,510.49770201962485
Q3,Q3-007,O01,S008,22,8079.033147823322,322.9093322753906,372.9093322753906,245.20933227539064,102.00933227539065,1.8271534498430815,795.7929393205633
Q3,Q3-007,S008,O01,0,8079.033147823322,322.9093322753906,372.9093322753906,102.00933227539065,245.20933227539064,1.481242126826212,805.33960598723
Q3,Q3-008,O01,S006,9,3186.2081844118425,316.09783935546875,366.09783935546875,238.39783935546876,51.29783935546874,0.5563999600690036,312.3989611547999
Q3,Q3-008,S006,O01,0,3186.2081844118425,316.09783935546875,366.09783935546875,51.29783935546874,238.39783935546876,0.467787913035657,324.87229448813326
Q3,Q3-009,O01,S002,65,7411.310533636495,258.9542541503906,308.9542541503906,181.25425415039064,89.45425415039062,3.8577702557965963,611.3161976444512
Q3,Q3-009,S002,O01,0,7411.310533636495,258.9542541503906,308.9542541503906,89.45425415039062,181.25425415039064,2.3040604689917332,620.4961976444513
Q3,Q3-010,O01,S012,17,7390.491866657148,363.3009948730469,413.3009948730469,285.6009948730469,133.50099487304686,1.592331158326394,764.4750517949967
Q3,Q3-010,S012,O01,0,7390.491866657148,363.3009948730469,413.3009948730469,133.50099487304686,285.6009948730469,1.3656449508115676,774.6150517949967
Q3,Q3-011,O01,S006,28,3186.2081844118425,316.09783935546875,366.09783935546875,238.39783935546876,51.29783935546874,0.8257335158440818,312.3989611547999
Q3,Q3-011,S006,S007,14,2507.44175246715,540.361328125,590.361328125,275.561328125,241.861328125,0.49725363349232377,355.7610907894766
Q3,Q3-011,S007,O01,0,4534.460604757262,461.9731750488281,511.9731750488281,163.47317504882812,384.27317504882814,0.6879818895520807,510.49770201962485
Q3,Q3-012,O01,S010,25,4784.49487974718,385.63653564453125,435.63653564453125,307.93653564453126,84.03653564453123,1.1189870491637008,455.22645145580157
Q3,Q3-012,S010,O01,0,4784.49487974718,385.63653564453125,435.63653564453125,84.03653564453123,307.93653564453126,0.7041657801086519,470.15311812246824
Q3,Q3-013,O01,S005,65,5280.606935319278,276.410888671875,326.410888671875,198.710888671875,131.410888671875,2.784191834390602,497.230262159306
Q3,Q3-013,S005,S008,6,3040.1704451574947,316.78717041015625,366.78717041015625,171.78717041015625,95.88717041015627,0.9952292940526336,319.33648304630697
Q3,Q3-013,S008,O01,0,8079.033147823322,322.9093322753906,372.9093322753906,102.00933227539065,245.20933227539064,2.5128339188798234,702.0106089027397
Q3,Q3-014,O01,S013,22,4849.242423912844,349.18182373046875,399.18182373046875,271.48182373046876,47.48182373046876,1.1399703600104236,513.5902060617475
Q3,Q3-014,S013,O01,0,4849.242423912844,349.18182373046875,399.18182373046875,47.48182373046876,271.48182373046876,0.8854387265311824,528.5235393950808
Q3,Q3-015,O01,S006,22,3186.2081844118425,316.09783935546875,366.09783935546875,238.39783935546876,51.29783935546874,0.7699121647881749,365.5024308949973
Q3,Q3-015,S006,O01,0,3186.2081844118425,316.09783935546875,366.09783935546875,51.29783935546874,238.39783935546876,0.5871031973230173,377.9757642283306
Q3,Q3-016,O01,S015,25,6009.383062809716,521.7992553710938,571.7992553710938,444.09925537109376,97.29925537109375,1.4249816120635324,587.5783247927832
Q3,Q3-016,S015,O01,0,6009.383062809716,521.7992553710938,571.7992553710938,97.29925537109375,444.09925537109376,0.8824114132343711,610.6983247927831
Q3,Q3-017,O01,S003,67,7263.179407310635,511.80413818359375,561.8041381835938,434.10413818359376,223.30413818359375,4.030081045172512,769.5056848526101
Q3,Q3-017,S003,O01,0,7263.179407310635,511.80413818359375,561.8041381835938,223.30413818359375,434.10413818359376,2.293879834375755,790.58568485261
Q3,Q3-018,O01,S002,16,7411.310533636495,258.9542541503906,308.9542541503906,181.25425415039064,89.45425415039062,1.5452009703436946,713.8089975133278
Q3,Q3-018,S002,S012,8,3071.2755394539804,358.1782531738281,408.1782531738281,188.67825317382812,128.3782531738281,0.6292763621198827,370.18368061530566
Q3,Q3-018,S012,O01,0,7390.491866657148,363.3009948730469,413.3009948730469,133.50099487304686,285.6009948730469,1.3656449508115676,774.6150517949967
Q3,Q3-019,O01,S003,14,7263.179407310635,511.80413818359375,561.8041381835938,434.10413818359376,223.30413818359375,1.5649330225690483,839.2879852771883
Q3,Q3-019,S003,O01,0,7263.179407310635,511.80413818359375,561.8041381835938,223.30413818359375,434.10413818359376,1.3665121802257405,853.3413186105216
Q3,Q3-020,O01,S007,6,4534.460604757262,461.9731750488281,511.9731750488281,384.27317504882814,163.47317504882812,0.7768257692535716,495.7777020196248
Q3,Q3-020,S007,O01,0,4534.460604757262,461.9731750488281,511.9731750488281,163.47317504882812,384.27317504882814,0.6879818895520807,510.49770201962485
Q3,Q3-021,O01,S009,25,5705.145004228559,243.22891235351562,293.2289123535156,165.52891235351564,63.228912353515625,1.265639028661829,460.8108693411487
Q3,Q3-021,S009,O01,0,5705.145004228559,243.22891235351562,293.2289123535156,63.228912353515625,165.52891235351564,0.8305701546531252,467.6308693411487
Q3,Q3-022,O01,S008,17,8079.033147823322,322.9093322753906,372.9093322753906,245.20933227539064,102.00933227539065,1.7186284220398687,795.7929393205633
Q3,Q3-022,S008,O01,0,8079.033147823322,322.9093322753906,372.9093322753906,102.00933227539065,245.20933227539064,1.481242126826212,805.33960598723
Q3,Q3-023,O01,S002,8,7411.310533636495,258.9542541503906,308.9542541503906,181.25425415039064,89.45425415039062,1.4376368781327418,713.8089975133278
Q3,Q3-023,S002,O01,0,7411.310533636495,258.9542541503906,308.9542541503906,89.45425415039062,181.25425415039064,1.3577269683163264,719.9289975133278
Q3,Q3-024,O01,S011,25,2808.074236967114,245.36175537109375,295.36175537109375,167.66175537109376,83.26175537109376,0.652295832181986,276.396903069943
Q3,Q3-024,S011,O01,0,2808.074236967114,245.36175537109375,295.36175537109375,83.26175537109376,167.66175537109376,0.42162943775764883,282.02356973660966
