question,box,mission,zone,kg,volume,delivery_s,expected_s,hard_deadline_s,lateness_s
Q2,S001-HYG-01,Q2-001,S001,6,0.035,1248.2695390882457,10800,,0
Q2,S001-MED-01,Q2-001,S001,3,0.012,1248.2695390882457,3600,3600,0
Q2,S001-WAT-01,Q2-001,S001,14,0.027,1248.2695390882457,3600,3600,0
Q2,S001-WAT-03,Q2-001,S001,14,0.027,1248.2695390882457,3600,,0
Q2,S001-WAT-04,Q2-001,S001,14,0.027,1248.2695390882457,3600,,0
Q2,S001-WAT-05,Q2-001,S001,14,0.027,1248.2695390882457,3600,,0
Q2,S001-WAT-08,Q2-001,S001,14,0.027,1248.2695390882457,3600,,0
Q2,S001-FOD-01,Q2-002,S001,8,0.028,1314.2695390882457,7200,,0
Q2,S001-FOD-02,Q2-002,S001,8,0.028,1314.2695390882457,7200,,0
Q2,S001-FOD-03,Q2-002,S001,8,0.028,1314.2695390882457,7200,,0
Q2,S001-HYG-02,Q2-002,S001,6,0.035,1314.2695390882457,10800,,0
Q2,S001-MED-02,Q2-002,S001,3,0.012,1314.2695390882457,3600,3600,0
Q2,S001-WAT-02,Q2-002,S001,14,0.027,1314.2695390882457,3600,,0
Q2,S001-WAT-06,Q2-002,S001,14,0.027,1314.2695390882457,3600,,0
Q2,S001-WAT-07,Q2-002,S001,14,0.027,1314.2695390882457,3600,,0
Q2,S006-WAT-02,Q2-003,S006,14,0.027,905.5024308949972,3600,,0
Q2,S014-FOD-01,Q2-003,S014,8,0.028,2001.4535519210137,7200,,0
Q2,S004-FOD-01,Q2-004,S004,8,0.028,3143.667424439505,10800,,0
Q2,S004-HYG-01,Q2-004,S004,6,0.035,3143.667424439505,14400,,0
Q2,S004-MED-01,Q2-004,S004,3,0.012,3143.667424439505,7200,7200,0
Q2,S004-WAT-01,Q2-004,S004,14,0.027,3143.667424439505,7200,7200,0
Q2,S004-WAT-02,Q2-004,S004,14,0.027,3143.667424439505,7200,,0
Q2,S004-WAT-03,Q2-004,S004,14,0.027,3143.667424439505,7200,,0
Q2,S013-MED-01,Q2-005,S013,3,0.012,1083.5902060617475,3600,3600,0
Q2,S014-MED-01,Q2-005,S014,3,0.012,1687.6311456243775,7200,3600,0
Q2,S014-WAT-01,Q2-005,S014,14,0.027,1687.6311456243775,3600,3600,0
Q2,S007-FOD-01,Q2-006,S007,8,0.028,1125.777702019625,7200,,0
Q2,S007-MED-01,Q2-006,S007,3,0.012,1125.777702019625,3600,3600,0
Q2,S007-WAT-02,Q2-006,S007,14,0.027,1125.777702019625,3600,,0
Q2,S008-FOD-01,Q2-007,S008,8,0.028,1365.7929393205632,10800,,0
Q2,S008-WAT-01,Q2-007,S008,14,0.027,1365.7929393205632,7200,7200,0
Q2,S006-HYG-01,Q2-008,S006,6,0.035,882.3989611547998,10800,,0
Q2,S006-MED-01,Q2-008,S006,3,0.012,882.3989611547998,3600,3600,0
Q2,S002-HYG-01,Q2-009,S002,6,0.035,3113.4852758209427,10800,,0
Q2,S002-MED-01,Q2-009,S002,3,0.012,3113.4852758209427,3600,3600,0
Q2,S002-WAT-01,Q2-009,S002,14,0.027,3113.4852758209427,3600,3600,0
Q2,S002-WAT-02,Q2-009,S002,14,0.027,3113.4852758209427,3600,,0
Q2,S002-WAT-03,Q2-009,S002,14,0.027,3113.4852758209427,3600,,0
Q2,S002-WAT-04,Q2-009,S002,14,0.027,3113.4852758209427,3600,,0
Q2,S012-MED-01,Q2-010,S012,3,0.012,1334.4750517949967,7200,3600,0
Q2,S012-WAT-01,Q2-010,S012,14,0.027,1334.4750517949967,3600,3600,0
Q2,S006-WAT-03,Q2-011,S006,14,0.027,2059.6702167977332,3600,,0
Q2,S007-WAT-01,Q2-011,S007,14,0.027,2595.4313075872096,3600,3600,0
Q2,S010-FOD-01,Q2-012,S010,8,0.028,2721.501855495051,7200,,0
Q2,S010-MED-01,Q2-012,S010,3,0.012,2721.501855495051,3600,3600,0
Q2,S010-WAT-01,Q2-012,S010,14,0.027,2721.501855495051,3600,3600,0
Q2,S005-FOD-01,Q2-013,S005,8,0.028,5137.2117356247,14400,,0
Q2,S005-HYG-01,Q2-013,S005,6,0.035,5137.2117356247,18000,,0
Q2,S005-MED-01,Q2-013,S005,3,0.012,5137.2117356247,10800,10800,0
Q2,S005-WAT-01,Q2-013,S005,14,0.027,5137.2117356247,10800,10800,0
Q2,S005-WAT-02,Q2-013,S005,14,0.027,5137.2117356247,10800,,0
Q2,S005-WAT-03,Q2-013,S005,14,0.027,5137.2117356247,10800,,0
Q2,S008-HYG-01,Q2-013,S008,6,0.035,5672.548218671008,14400,,0
Q2,S013-FOD-01,Q2-014,S013,8,0.028,3192.680309651741,7200,,0
Q2,S013-WAT-01,Q2-014,S013,14,0.027,3192.680309651741,3600,3600,0
Q2,S006-FOD-01,Q2-015,S006,8,0.028,3106.634976202791,7200,,0
Q2,S006-WAT-01,Q2-015,S006,14,0.027,3106.634976202791,3600,3600,0
Q2,S015-FOD-01,Q2-016,S015,8,0.028,4323.507334399618,14400,,0
Q2,S015-MED-01,Q2-016,S015,3,0.012,4323.507334399618,7200,7200,0
Q2,S015-WAT-01,Q2-016,S015,14,0.027,4323.507334399618,10800,10800,0
Q2,S003-FOD-01,Q2-017,S003,8,0.028,5572.731455555129,10800,,0
Q2,S003-FOD-02,Q2-017,S003,8,0.028,5572.731455555129,10800,,0
Q2,S003-HYG-01,Q2-017,S003,6,0.035,5572.731455555129,14400,,0
Q2,S003-MED-01,Q2-017,S003,3,0.012,5572.731455555129,7200,7200,0
Q2,S003-WAT-01,Q2-017,S003,14,0.027,5572.731455555129,7200,7200,0
Q2,S003-WAT-02,Q2-017,S003,14,0.027,5572.731455555129,7200,,0
Q2,S003-WAT-04,Q2-017,S003,14,0.027,5572.731455555129,7200,,0
Q2,S002-FOD-01,Q2-018,S002,8,0.028,4717.425532632065,7200,,0
Q2,S012-FOD-01,Q2-018,S012,8,0.028,5267.6092132473705,7200,,0
Q2,S003-WAT-03,Q2-019,S003,14,0.027,4976.1792527338885,7200,,0
Q2,S007-HYG-01,Q2-020,S007,6,0.035,4197.432675637144,10800,,0
Q2,S009-FOD-01,Q2-021,S009,8,0.028,5798.741246997917,14400,,0
Q2,S009-MED-01,Q2-021,S009,3,0.012,5798.741246997917,10800,10800,0
Q2,S009-WAT-01,Q2-021,S009,14,0.027,5798.741246997917,10800,10800,0
Q2,S008-MED-01,Q2-022,S008,3,0.012,5092.7367136084695,7200,7200,0
Q2,S008-WAT-02,Q2-022,S008,14,0.027,5092.7367136084695,7200,,0
Q2,S002-FOD-02,Q2-023,S002,8,0.028,5454.291276108204,7200,,0
Q2,S011-FOD-01,Q2-024,S011,8,0.028,5840.602562262344,14400,,0
Q2,S011-MED-01,Q2-024,S011,3,0.012,5840.602562262344,10800,10800,0
Q2,S011-WAT-01,Q2-024,S011,14,0.027,5840.602562262344,10800,10800,0
Q3,S001-HYG-01,Q3-001,S001,6,0.035,1248.2695390882457,10800,,0
Q3,S001-MED-01,Q3-001,S001,3,0.012,1248.2695390882457,3600,3600,0
Q3,S001-WAT-01,Q3-001,S001,14,0.027,1248.2695390882457,3600,3600,0
Q3,S001-WAT-03,Q3-001,S001,14,0.027,1248.2695390882457,3600,,0
Q3,S001-WAT-04,Q3-001,S001,14,0.027,1248.2695390882457,3600,,0
Q3,S001-WAT-05,Q3-001,S001,14,0.027,1248.2695390882457,3600,,0
Q3,S001-WAT-08,Q3-001,S001,14,0.027,1248.2695390882457,3600,,0
Q3,S001-FOD-01,Q3-002,S001,8,0.028,1314.2695390882457,7200,,0
Q3,S001-FOD-02,Q3-002,S001,8,0.028,1314.2695390882457,7200,,0
Q3,S001-FOD-03,Q3-002,S001,8,0.028,1314.2695390882457,7200,,0
Q3,S001-HYG-02,Q3-002,S001,6,0.035,1314.2695390882457,10800,,0
Q3,S001-MED-02,Q3-002,S001,3,0.012,1314.2695390882457,3600,3600,0
Q3,S001-WAT-02,Q3-002,S001,14,0.027,1314.2695390882457,3600,,0
Q3,S001-WAT-06,Q3-002,S001,14,0.027,1314.2695390882457,3600,,0
Q3,S001-WAT-07,Q3-002,S001,14,0.027,1314.2695390882457,3600,,0
Q3,S006-WAT-02,Q3-003,S006,14,0.027,905.5024308949972,3600,,0
Q3,S014-FOD-01,Q3-003,S014,8,0.028,2001.4535519210137,7200,,0
Q3,S004-FOD-01,Q3-004,S004,8,0.028,5711.758794144726,10800,,0
Q3,S004-HYG-01,Q3-004,S004,6,0.035,5711.758794144726,14400,,0
Q3,S004-MED-01,Q3-004,S004,3,0.012,5711.758794144726,7200,7200,0
Q3,S004-WAT-01,Q3-004,S004,14,0.027,5711.758794144726,7200,7200,0
Q3,S004-WAT-02,Q3-004,S004,14,0.027,5711.758794144726,7200,,0
Q3,S004-WAT-03,Q3-004,S004,14,0.027,5711.758794144726,7200,,0
Q3,S013-MED-01,Q3-005,S013,3,0.012,1083.5902060617475,3600,3600,0
Q3,S014-MED-01,Q3-005,S014,3,0.012,1687.6311456243775,7200,3600,0
Q3,S014-WAT-01,Q3-005,S014,14,0.027,1687.6311456243775,3600,3600,0
Q3,S007-FOD-01,Q3-006,S007,8,0.028,1125.777702019625,7200,,0
Q3,S007-MED-01,Q3-006,S007,3,0.012,1125.777702019625,3600,3600,0
Q3,S007-WAT-02,Q3-006,S007,14,0.027,1125.777702019625,3600,,0
Q3,S008-FOD-01,Q3-007,S008,8,0.028,2977.9066847773915,10800,,0
Q3,S008-WAT-01,Q3-007,S008,14,0.027,2977.9066847773915,7200,7200,0
Q3,S006-HYG-01,Q3-008,S006,6,0.035,2437.7785307330696,10800,,0
Q3,S006-MED-01,Q3-008,S006,3,0.012,2437.7785307330696,3600,3600,0
Q3,S002-HYG-01,Q3-009,S002,6,0.035,3047.4852758209427,10800,,0
Q3,S002-MED-01,Q3-009,S002,3,0.012,3047.4852758209427,3600,3600,0
Q3,S002-WAT-01,Q3-009,S002,14,0.027,3047.4852758209427,3600,3600,0
Q3,S002-WAT-02,Q3-009,S002,14,0.027,3047.4852758209427,3600,,0
Q3,S002-WAT-03,Q3-009,S002,14,0.027,3047.4852758209427,3600,,0
Q3,S002-WAT-04,Q3-009,S002,14,0.027,3047.4852758209427,3600,,0
Q3,S012-MED-01,Q3-010,S012,3,0.012,1334.4750517949967,7200,3600,0
Q3,S012-WAT-01,Q3-010,S012,14,0.027,1334.4750517949967,3600,3600,0
Q3,S006-WAT-03,Q3-011,S006,14,0.027,2488.67436519405,3600,,0
Q3,S007-WAT-01,Q3-011,S007,14,0.027,3024.4354559835265,3600,3600,0
Q3,S010-FOD-01,Q3-012,S010,8,0.028,1085.2264514558015,7200,,0
Q3,S010-MED-01,Q3-012,S010,3,0.012,1085.2264514558015,3600,3600,0
Q3,S010-WAT-01,Q3-012,S010,14,0.027,1085.2264514558015,3600,3600,0
Q3,S005-FOD-01,Q3-013,S005,8,0.028,5071.2117356247,14400,,0
Q3,S005-HYG-01,Q3-013,S005,6,0.035,5071.2117356247,18000,,0
Q3,S005-MED-01,Q3-013,S005,3,0.012,5071.2117356247,10800,10800,0
Q3,S005-WAT-01,Q3-013,S005,14,0.027,5071.2117356247,10800,10800,0
Q3,S005-WAT-02,Q3-013,S005,14,0.027,5071.2117356247,10800,,0
Q3,S005-WAT-03,Q3-013,S005,14,0.027,5071.2117356247,10800,,0
Q3,S008-HYG-01,Q3-013,S008,6,0.035,5606.548218671008,14400,,0
Q3,S013-FOD-01,Q3-014,S013,8,0.028,1083.5902060617475,7200,,0
Q3,S013-WAT-01,Q3-014,S013,14,0.027,1083.5902060617475,3600,3600,0
Q3,S006-FOD-01,Q3-015,S006,8,0.028,3044.592534484991,7200,,0
Q3,S006-WAT-01,Q3-015,S006,14,0.027,3044.592534484991,3600,3600,0
Q3,S015-FOD-01,Q3-016,S015,8,0.028,5745.932857761655,14400,,0
Q3,S015-MED-01,Q3-016,S015,3,0.012,5745.932857761655,7200,7200,0
Q3,S015-WAT-01,Q3-016,S015,14,0.027,5745.932857761655,10800,10800,0
Q3,S003-FOD-01,Q3-017,S003,8,0.028,3337.6747630291015,10800,,0
Q3,S003-FOD-02,Q3-017,S003,8,0.028,3337.6747630291015,10800,,0
Q3,S003-HYG-01,Q3-017,S003,6,0.035,3337.6747630291015,14400,,0
Q3,S003-MED-01,Q3-017,S003,3,0.012,3337.6747630291015,7200,7200,0
Q3,S003-WAT-01,Q3-017,S003,14,0.027,3337.6747630291015,7200,7200,0
Q3,S003-WAT-02,Q3-017,S003,14,0.027,3337.6747630291015,7200,,0
Q3,S003-WAT-04,Q3-017,S003,14,0.027,3337.6747630291015,7200,,0
Q3,S002-FOD-01,Q3-018,S002,8,0.028,5030.609610119054,7200,,0
Q3,S012-FOD-01,Q3-018,S012,8,0.028,5580.793290734359,7200,,0
Q3,S003-WAT-03,Q3-019,S003,14,0.027,4046.51991129048,7200,,0
Q3,S007-HYG-01,Q3-020,S007,6,0.035,4017.856830949247,10800,,0
Q3,S009-FOD-01,Q3-021,S009,8,0.028,4625.7440273443,14400,,0
Q3,S009-MED-01,Q3-021,S009,3,0.012,4625.7440273443,10800,10800,0
Q3,S009-WAT-01,Q3-021,S009,14,0.027,4625.7440273443,10800,10800,0
Q3,S008-MED-01,Q3-022,S008,3,0.012,5092.7367136084695,7200,7200,0
Q3,S008-WAT-02,Q3-022,S008,14,0.027,5092.7367136084695,7200,,0
Q3,S002-FOD-02,Q3-023,S002,8,0.028,5454.291276108204,7200,,0
Q3,S011-FOD-01,Q3-024,S011,8,0.028,5999.771799755392,14400,,0
Q3,S011-MED-01,Q3-024,S011,3,0.012,5999.771799755392,10800,10800,0
Q3,S011-WAT-01,Q3-024,S011,14,0.027,5999.771799755392,10800,10800,0
