resource_type,resource,mission,occupied_from_s,occupied_until_s
Q2 aircraft,U07,Q2-001,0,1560.1690781764914
Q2 aircraft,U07,Q2-004,1560.1690781764914,3861.2257707025187
Q2 aircraft,U07,Q2-017,3861.225770702519,6363.317140407739
Q2 aircraft,U08,Q2-002,0,1626.1690781764914
Q2 aircraft,U08,Q2-009,1626.1690781764914,3733.9814734653937
Q2 aircraft,U08,Q2-013,3733.9814734653937,6374.558827573747
Q2 aircraft,U01,Q2-003,0,2719.1017936026105
Q2 aircraft,U01,Q2-019,3626.8912674567005,5829.520571344409
Q2 aircraft,U02,Q2-005,0,2405.279387305974
Q2 aircraft,U02,Q2-018,3463.616535118738,6042.224265042368
Q2 aircraft,U05,Q2-006,0,1636.2754040392497
Q2 aircraft,U05,Q2-012,1636.2754040392497,3191.6549736175193
Q2 aircraft,U05,Q2-020,3191.6549736175193,4707.930377656769
Q2 aircraft,U05,Q2-021,4707.9303776567685,6266.372116339066
Q2 aircraft,U03,Q2-007,0,2171.1325453077934
Q2 aircraft,U03,Q2-015,2171.1325453077934,3484.610740431122
Q2 aircraft,U03,Q2-022,3726.9437742879054,5898.076319595699
Q2 aircraft,U06,Q2-008,0,1207.2712556429333
Q2 aircraft,U06,Q2-011,1207.2712556429333,3105.9290096068344
Q2 aircraft,U06,Q2-016,3105.929009606835,4934.205659192401
Q2 aircraft,U06,Q2-024,4934.205659192401,6122.6261319989535
Q2 aircraft,U04,Q2-010,0,2109.0901035899933
Q2 aircraft,U04,Q2-014,2109.0901035899933,3721.203849046822
Q2 aircraft,U04,Q2-023,4230.482278594875,6174.220273621531
Q2 batteries,C-BAT-01,Q2-001,0,3216.202151878926
Q2 batteries,C-BAT-01,Q2-013,3733.9814734653937,8912.044569557076
Q2 batteries,C-BAT-02,Q2-002,0,3239.784573605749
Q2 batteries,C-BAT-02,Q2-017,3861.225770702519,8909.389878618727
Q2 batteries,A-BAT-01,Q2-003,0,4230.482278594876
Q2 batteries,A-BAT-01,Q2-023,4230.482278594875,7481.769829262374
Q2 batteries,C-BAT-03,Q2-004,1560.1690781764914,6360.961827967718
Q2 batteries,A-BAT-02,Q2-005,0,3726.9437742879045
Q2 batteries,A-BAT-02,Q2-022,3726.9437742879054,7322.483367045899
Q2 batteries,B-BAT-01,Q2-006,0,3074.25998430092
Q2 batteries,B-BAT-01,Q2-020,3191.6549736175193,6009.3470298058855
Q2 batteries,A-BAT-03,Q2-007,0,3626.8912674567
Q2 batteries,A-BAT-03,Q2-019,3626.8912674567005,7176.382518818459
Q2 batteries,B-BAT-02,Q2-008,0,2317.7526673216194
Q2 batteries,B-BAT-02,Q2-016,3105.929009606835,6600.742636821493
Q2 batteries,C-BAT-04,Q2-009,1626.1690781764914,6236.143961428899
Q2 batteries,A-BAT-04,Q2-010,0,3463.6165351187374
Q2 batteries,A-BAT-04,Q2-018,3463.616535118738,7564.926257988521
Q2 batteries,B-BAT-03,Q2-011,1207.2712556429333,4644.015593125178
Q2 batteries,B-BAT-03,Q2-021,4707.9303776567685,7841.396095775546
Q2 batteries,B-BAT-04,Q2-012,1636.2754040392497,4648.354532968872
Q2 batteries,B-BAT-04,Q2-024,4934.205659192401,7254.6604156394615
Q2 batteries,A-BAT-05,Q2-014,2109.0901035899933,4806.322029603286
Q2 batteries,A-BAT-06,Q2-015,2171.1325453077934,4376.637400596577
Q3 aircraft,U07,Q3-001,0.0,1560.1690781764914
Q3 aircraft,U07,Q3-009,1560.1690781764914,3667.9814734653937
Q3 aircraft,U07,Q3-013,3667.9814734653937,6308.558827573747
Q3 aircraft,U08,Q3-002,0.0,1626.1690781764914
Q3 aircraft,U08,Q3-017,1626.1690781764914,4128.260447881711
Q3 aircraft,U08,Q3-004,4128.260447881712,6429.317140407739
Q3 aircraft,U04,Q3-003,0.0,2719.1017936026105
Q3 aircraft,U04,Q3-018,3776.8006126057257,6355.408342529357
Q3 aircraft,U03,Q3-005,0.0,2405.279387305974
Q3 aircraft,U03,Q3-019,2697.231926013292,4899.861229901001
Q3 aircraft,U05,Q3-006,0.0,1636.2754040392497
Q3 aircraft,U05,Q3-011,1636.2754040392497,3534.933158003151
Q3 aircraft,U05,Q3-021,3534.933158003151,5093.374896685449
Q3 aircraft,U05,Q3-024,5093.374896685449,6281.795369492002
Q3 aircraft,U02,Q3-014,0.0,1612.1137454568284
Q3 aircraft,U02,Q3-007,1612.1137454568284,3783.246290764622
Q3 aircraft,U02,Q3-023,4230.482278594875,6174.220273621531
Q3 aircraft,U06,Q3-012,0.0,1555.3795695782694
Q3 aircraft,U06,Q3-008,1555.3795695782696,2762.650825221203
Q3 aircraft,U06,Q3-020,3012.0791289296226,4528.354532968872
Q3 aircraft,U06,Q3-016,4528.354532968872,6356.631182554438
Q3 aircraft,U01,Q3-010,0.0,2109.0901035899933
Q3 aircraft,U01,Q3-015,2109.0901035899933,3422.568298713322
Q3 aircraft,U01,Q3-022,3726.9437742879054,5898.076319595699
Q3 batteries,C-BAT-01,Q3-001,0.0,3216.202151878926
Q3 batteries,C-BAT-01,Q3-013,3667.9814734653937,8846.044569557076
Q3 batteries,C-BAT-02,Q3-002,0.0,3239.784573605749
Q3 batteries,C-BAT-02,Q3-004,4128.260447881712,8929.05319767294
Q3 batteries,A-BAT-04,Q3-003,0.0,4230.482278594876
Q3 batteries,A-BAT-04,Q3-023,4230.482278594875,7481.769829262374
Q3 batteries,A-BAT-03,Q3-005,0.0,3726.9437742879045
Q3 batteries,A-BAT-03,Q3-022,3726.9437742879054,7322.483367045899
Q3 batteries,B-BAT-01,Q3-006,0.0,3074.25998430092
Q3 batteries,B-BAT-01,Q3-021,3534.933158003151,6668.398876121929
Q3 batteries,A-BAT-05,Q3-007,1612.1137454568284,5239.005012913529
Q3 batteries,B-BAT-03,Q3-008,1555.3795695782696,3873.132236899889
Q3 batteries,B-BAT-03,Q3-016,4528.354532968872,8023.16816018353
Q3 batteries,C-BAT-03,Q3-009,1560.1690781764914,6170.143961428899
Q3 batteries,A-BAT-01,Q3-010,0.0,3463.6165351187374
Q3 batteries,A-BAT-01,Q3-018,3776.8006126057257,7878.11033547551
Q3 batteries,B-BAT-04,Q3-011,1636.2754040392497,5073.019741521495
Q3 batteries,B-BAT-04,Q3-024,5093.374896685449,7413.8296531325095
Q3 batteries,B-BAT-02,Q3-012,0.0,3012.079128929622
Q3 batteries,B-BAT-02,Q3-020,3012.0791289296226,5829.771185117988
Q3 batteries,A-BAT-02,Q3-014,0.0,2697.231926013292
Q3 batteries,A-BAT-02,Q3-019,2697.231926013292,6246.723177375051
Q3 batteries,A-BAT-06,Q3-015,2109.0901035899933,4314.594958878777
Q3 batteries,C-BAT-04,Q3-017,1626.1690781764914,6674.333186092699
relay aircraft including turnaround,R01,R-001,0,6763.204702509209
relay aircraft including turnaround,R02,R-002,0,2984.3679162860235
relay aircraft including turnaround,R02,R-003,3754.6901957903137,6812.187235355526
relay components,R-EC-01,R-001,0,7723.92238441985
relay components,R-EC-02,R-002,0,3480.4506186567232
relay components,R-EC-03,R-003,3754.6901957903137,7322.8258988085645
